{
  "hash": "cd74026c",
  "configHash": "ae40adff",
  "lockfileHash": "8b7d0816",
  "browserHash": "9d7f4cb0",
  "optimized": {
    "@angular/common": {
      "src": "../../../../../node_modules/@angular/common/fesm2022/common.mjs",
      "file": "@angular_common.js",
      "fileHash": "882de100",
      "needsInterop": false
    },
    "@angular/common/http": {
      "src": "../../../../../node_modules/@angular/common/fesm2022/http.mjs",
      "file": "@angular_common_http.js",
      "fileHash": "2e23d086",
      "needsInterop": false
    },
    "@angular/core": {
      "src": "../../../../../node_modules/@angular/core/fesm2022/core.mjs",
      "file": "@angular_core.js",
      "fileHash": "c5f36c51",
      "needsInterop": false
    },
    "@angular/forms": {
      "src": "../../../../../node_modules/@angular/forms/fesm2022/forms.mjs",
      "file": "@angular_forms.js",
      "fileHash": "ad49393b",
      "needsInterop": false
    },
    "@angular/platform-browser": {
      "src": "../../../../../node_modules/@angular/platform-browser/fesm2022/platform-browser.mjs",
      "file": "@angular_platform-browser.js",
      "fileHash": "8def9174",
      "needsInterop": false
    },
    "@angular/platform-browser/animations": {
      "src": "../../../../../node_modules/@angular/platform-browser/fesm2022/animations.mjs",
      "file": "@angular_platform-browser_animations.js",
      "fileHash": "7f1da62b",
      "needsInterop": false
    },
    "@angular/router": {
      "src": "../../../../../node_modules/@angular/router/fesm2022/router.mjs",
      "file": "@angular_router.js",
      "fileHash": "0d5a316c",
      "needsInterop": false
    },
    "@fortawesome/angular-fontawesome": {
      "src": "../../../../../node_modules/@fortawesome/angular-fontawesome/fesm2022/angular-fontawesome.mjs",
      "file": "@fortawesome_angular-fontawesome.js",
      "fileHash": "98099bfd",
      "needsInterop": false
    },
    "@fortawesome/free-solid-svg-icons": {
      "src": "../../../../../node_modules/@fortawesome/free-solid-svg-icons/index.mjs",
      "file": "@fortawesome_free-solid-svg-icons.js",
      "fileHash": "9432ebe5",
      "needsInterop": false
    },
    "primeng/api": {
      "src": "../../../../../node_modules/primeng/fesm2022/primeng-api.mjs",
      "file": "primeng_api.js",
      "fileHash": "08ffc40a",
      "needsInterop": false
    },
    "primeng/button": {
      "src": "../../../../../node_modules/primeng/fesm2022/primeng-button.mjs",
      "file": "primeng_button.js",
      "fileHash": "c5330cb1",
      "needsInterop": false
    },
    "primeng/buttongroup": {
      "src": "../../../../../node_modules/primeng/fesm2022/primeng-buttongroup.mjs",
      "file": "primeng_buttongroup.js",
      "fileHash": "265671da",
      "needsInterop": false
    },
    "primeng/dropdown": {
      "src": "../../../../../node_modules/primeng/fesm2022/primeng-dropdown.mjs",
      "file": "primeng_dropdown.js",
      "fileHash": "2bce077d",
      "needsInterop": false
    },
    "primeng/inputtext": {
      "src": "../../../../../node_modules/primeng/fesm2022/primeng-inputtext.mjs",
      "file": "primeng_inputtext.js",
      "fileHash": "57f14870",
      "needsInterop": false
    },
    "primeng/menu": {
      "src": "../../../../../node_modules/primeng/fesm2022/primeng-menu.mjs",
      "file": "primeng_menu.js",
      "fileHash": "096a0903",
      "needsInterop": false
    },
    "primeng/paginator": {
      "src": "../../../../../node_modules/primeng/fesm2022/primeng-paginator.mjs",
      "file": "primeng_paginator.js",
      "fileHash": "6484a016",
      "needsInterop": false
    },
    "primeng/splitbutton": {
      "src": "../../../../../node_modules/primeng/fesm2022/primeng-splitbutton.mjs",
      "file": "primeng_splitbutton.js",
      "fileHash": "483dabb1",
      "needsInterop": false
    },
    "primeng/table": {
      "src": "../../../../../node_modules/primeng/fesm2022/primeng-table.mjs",
      "file": "primeng_table.js",
      "fileHash": "07b7a001",
      "needsInterop": false
    },
    "primeng/tabview": {
      "src": "../../../../../node_modules/primeng/fesm2022/primeng-tabview.mjs",
      "file": "primeng_tabview.js",
      "fileHash": "21286dab",
      "needsInterop": false
    },
    "primeng/tooltip": {
      "src": "../../../../../node_modules/primeng/fesm2022/primeng-tooltip.mjs",
      "file": "primeng_tooltip.js",
      "fileHash": "e2e7164f",
      "needsInterop": false
    },
    "primeng/contextmenu": {
      "src": "../../../../../node_modules/primeng/fesm2022/primeng-contextmenu.mjs",
      "file": "primeng_contextmenu.js",
      "fileHash": "fe34b645",
      "needsInterop": false
    },
    "primeng/toast": {
      "src": "../../../../../node_modules/primeng/fesm2022/primeng-toast.mjs",
      "file": "primeng_toast.js",
      "fileHash": "a7aa8f8f",
      "needsInterop": false
    },
    "primeng/dialog": {
      "src": "../../../../../node_modules/primeng/fesm2022/primeng-dialog.mjs",
      "file": "primeng_dialog.js",
      "fileHash": "a9f1ea57",
      "needsInterop": false
    },
    "primeng/multiselect": {
      "src": "../../../../../node_modules/primeng/fesm2022/primeng-multiselect.mjs",
      "file": "primeng_multiselect.js",
      "fileHash": "56321292",
      "needsInterop": false
    },
    "primeng/messages": {
      "src": "../../../../../node_modules/primeng/fesm2022/primeng-messages.mjs",
      "file": "primeng_messages.js",
      "fileHash": "606fc5e9",
      "needsInterop": false
    }
  },
  "chunks": {
    "chunk-WIDOZZLP": {
      "file": "chunk-WIDOZZLP.js"
    },
    "chunk-KFKCCDII": {
      "file": "chunk-KFKCCDII.js"
    },
    "chunk-FDOEZ5MX": {
      "file": "chunk-FDOEZ5MX.js"
    },
    "chunk-4TPXX2YI": {
      "file": "chunk-4TPXX2YI.js"
    },
    "chunk-YP3S3ITD": {
      "file": "chunk-YP3S3ITD.js"
    },
    "chunk-S2XVSVKD": {
      "file": "chunk-S2XVSVKD.js"
    },
    "chunk-3JRL342B": {
      "file": "chunk-3JRL342B.js"
    },
    "chunk-CTDMGMAQ": {
      "file": "chunk-CTDMGMAQ.js"
    },
    "chunk-BE5REIY4": {
      "file": "chunk-BE5REIY4.js"
    },
    "chunk-3PIKEXR2": {
      "file": "chunk-3PIKEXR2.js"
    },
    "chunk-V43YJIMC": {
      "file": "chunk-V43YJIMC.js"
    },
    "chunk-GGXMFZCL": {
      "file": "chunk-GGXMFZCL.js"
    },
    "chunk-T7CDJOWE": {
      "file": "chunk-T7CDJOWE.js"
    },
    "chunk-MXSKI72F": {
      "file": "chunk-MXSKI72F.js"
    },
    "chunk-Z2B3AIZV": {
      "file": "chunk-Z2B3AIZV.js"
    },
    "chunk-ZFU2QUHX": {
      "file": "chunk-ZFU2QUHX.js"
    },
    "chunk-PJDXPOWT": {
      "file": "chunk-PJDXPOWT.js"
    },
    "chunk-LZMSIMQG": {
      "file": "chunk-LZMSIMQG.js"
    },
    "chunk-NM5SMMJJ": {
      "file": "chunk-NM5SMMJJ.js"
    },
    "chunk-UGNHD22D": {
      "file": "chunk-UGNHD22D.js"
    },
    "chunk-QEWYYPFW": {
      "file": "chunk-QEWYYPFW.js"
    },
    "chunk-BGRWPUXC": {
      "file": "chunk-BGRWPUXC.js"
    },
    "chunk-MSVFU3XH": {
      "file": "chunk-MSVFU3XH.js"
    },
    "chunk-XF3YLSX2": {
      "file": "chunk-XF3YLSX2.js"
    },
    "chunk-AUJRVYQL": {
      "file": "chunk-AUJRVYQL.js"
    },
    "chunk-J4B6MK7R": {
      "file": "chunk-J4B6MK7R.js"
    }
  }
}