[
    {
      "orden": 1,
      "nombrePunto": "PUNTO 01",
      "fuentePunto": "PUNTO IGA",
      "nombreFuente": "brown",
      "tipoPunto": "Punto",
      "zona": "18",
      "datum": "fdf",
      "observacion": "Se obsevaron nuevos datos"
    },
    {
        "orden": 2,
        "nombrePunto": "PUNTO 01",
        "fuentePunto": "PUNTO IGA",
        "nombreFuente": "brown",
        "tipoPunto": "Punto",
        "zona": "18",
        "datum": "fdf",
        "observacion": "Se obsevaron nuevos datos"
    },
    {
        "orden": 3,
        "nombrePunto": "PUNTO 01",
        "fuentePunto": "PUNTO IGA",
        "nombreFuente": "brown",
        "tipoPunto": "Punto",
        "zona": "18",
        "datum": "fdf",
        "observacion": "Se obsevaron nuevos datos"
    },
    {
        "orden": 4,
        "nombrePunto": "PUNTO 01",
        "fuentePunto": "PUNTO IGA",
        "nombreFuente": "brown",
        "tipoPunto": "Punto",
        "zona": "18",
        "datum": "fdf",
        "observacion": "Se obsevaron nuevos datos"
    }
]